/*
    Since Order_line_attribute has many to one relationship with order_line which has a relationship with orders,
    will have to populate those two tables too
*/

INSERT INTO orders (supplier_id, var_id, program_id, order_date, user_id, firstname, lastname, addr1, addr2, city, state, zip, country, phone, email, last_update, user_points, is_apply_super_saver_shipping, gift_message, ship_desc, var_order_id, order_source, notification_type, app_version, PROXY_USER, language_code, country_code, currency_code, business_name, phone_alternate, addr3, ip_address, email_changed, address_changed, gst_amount, earned_points, establishment_fees_points, establishment_fees_price)
VALUES ('200', 'RBC', 'b2s_qa_only', CURRENT_TIMESTAMP(), 'rbctest', 'RBCTest', 'RBCTest', '5900 Windward Pkwy', 'Ste 450', 'Alpharetta', 'GA', '30005-5479', 'US', '1234567890', 'rpillai@bridge2solutions.com', CURRENT_TIMESTAMP(), 99982, 'false', 'rbc.general.merchandise.gift.message', '', '3', 'WEB', 'EMAIL', null, null, 'en', 'CA', 'CAD', null, null, null, null, null, null, null, null, null, null);
INSERT INTO orders (supplier_id, var_id, program_id, order_date, user_id, firstname, lastname, addr1, addr2, city, state, zip, country, phone, email, last_update, user_points, is_apply_super_saver_shipping, gift_message, ship_desc, var_order_id, order_source, notification_type, app_version, PROXY_USER, language_code, country_code, currency_code, business_name, phone_alternate, addr3, ip_address, email_changed, address_changed, gst_amount, earned_points, establishment_fees_points, establishment_fees_price)
VALUES ('200', 'RBC', 'b2s_qa_only', CURRENT_TIMESTAMP(), '2194212', 'MINERVA_en', 'MCGONAGALL', 'GRYFINDOR TOWER S', '123 KINGSLANDING WAY', 'LONDON', 'ON', 'N2E3E3', 'CA', '', 'jkattookaren@bridge2solutions.com', CURRENT_TIMESTAMP(), 17574, 'false', 'rbc.general.merchandise.gift.message', '', '192885', 'WEB', 'EMAIL', null, null, 'en', 'CA', 'CAD', null, null, null, null, null, null, null, null, null, null);
INSERT INTO orders (supplier_id, var_id, program_id, order_date, user_id, firstname, lastname, addr1, addr2, city, state, zip, country, phone, email, last_update, user_points, is_apply_super_saver_shipping, gift_message, ship_desc, var_order_id, order_source, notification_type, app_version, PROXY_USER, language_code, country_code, currency_code, business_name, phone_alternate, addr3, ip_address, email_changed, address_changed, gst_amount, earned_points, establishment_fees_points, establishment_fees_price)
VALUES ('200', '1', 'bkndtest', CURRENT_TIMESTAMP(), 'ranjith', 'Ranjith', 'Pillai', '5900 Windward Pkwy', 'Ste 450', 'Alpharetta', 'GA', '30005-5479', 'US', '7194392532', 'rpillai@bridge2solutions.com', CURRENT_TIMESTAMP(), 84020000, 'false', '', '', '5', 'WEB', 'EMAIL', null, null, 'en', 'US', 'USD', null, null, null, null, null, null, null, null, null, null);


INSERT INTO order_line (order_id, line_num, supplier_id, var_id, program_id, category, supplier_order_id, item_id, name, image_url, color, weight, size, attr1, attr2, attr3, is_eligible_for_super_saver_shipping, quantity, supplier_item_price, supplier_tax_price, supplier_per_shipment_price, supplier_shipping_unit, supplier_shipping_unit_price, supplier_single_item_shipping_price, supplier_shipping_price, conv_rate, tax_rate, b2s_item_margin, var_item_margin, b2s_shipping_margin, var_shipping_margin, item_points, tax_points, shipping_points, order_line_points, b2s_item_profit_price, b2s_tax_profit_price, b2s_shipping_profit_price, var_item_profit_price, var_tax_profit_price, var_shipping_profit_price, var_order_line_price, comment, create_date, order_status, order_line_type, merchant_id, manufacturer, brand, category_path, sku, shipping_method, seller_id, listing_id, store_id, order_source, b2s_tax_price, b2s_tax_rate, b2s_tax_points, original_partner_order_number, resend_partner_order_number, gateway_order_number, bundle_id, notification_id, policy_id, travel_start_date, order_line_num, order_line_undiscounted_unit_fee, b2s_offline_fee, b2s_online_fee, booking_quantity, travel_end_date, fx_rate, fx_file_id, global_carrier_fee_id, cash_buy_in_points, cash_buy_in_price, global_carrier_tracking_url, order_delay, points_rounding_increment, eff_conv_rate, var_order_line_id, discounted_supplier_item_price, discounted_var_order_line_price, discounted_taxes, discounted_fees)
VALUES (1, 1, '200', 'RBC', 'b2s_qa_only', 'Apple TV', '323', '30001MD199C/A', 'Apple TV', 'url', null, null, null, null, null, '<SID>rbctest</SID>', null, 1, 8900, 0, 0, '', 0, 0, 0, 1.538462, 0, 0, 0, 0, 0, 9, 0, 0, 9, 0, 0, 0, 0, 0, 0, null, '', CURRENT_TIMESTAMP(), 0, null, '30001', 'apple', 'Apple®', null, 'MD199C/A', 'STANDARD', null, null, null, 'WEB', 0, 0, 0, null, null, null, null, 26955, null, null, null, null, null, null, null, null, null, null, null, null, null, null, null, null, null, null, null, null, null, null);
INSERT INTO order_line (order_id, line_num, supplier_id, var_id, program_id, category, supplier_order_id, item_id, name, image_url, color, weight, size, attr1, attr2, attr3, is_eligible_for_super_saver_shipping, quantity, supplier_item_price, supplier_tax_price, supplier_per_shipment_price, supplier_shipping_unit, supplier_shipping_unit_price, supplier_single_item_shipping_price, supplier_shipping_price, conv_rate, tax_rate, b2s_item_margin, var_item_margin, b2s_shipping_margin, var_shipping_margin, item_points, tax_points, shipping_points, order_line_points, b2s_item_profit_price, b2s_tax_profit_price, b2s_shipping_profit_price, var_item_profit_price, var_tax_profit_price, var_shipping_profit_price, var_order_line_price, comment, create_date, order_status, order_line_type, merchant_id, manufacturer, brand, category_path, sku, shipping_method, seller_id, listing_id, store_id, order_source, b2s_tax_price, b2s_tax_rate, b2s_tax_points, original_partner_order_number, resend_partner_order_number, gateway_order_number, bundle_id, notification_id, policy_id, travel_start_date, order_line_num, order_line_undiscounted_unit_fee, b2s_offline_fee, b2s_online_fee, booking_quantity, travel_end_date, fx_rate, fx_file_id, global_carrier_fee_id, cash_buy_in_points, cash_buy_in_price, global_carrier_tracking_url, order_delay, points_rounding_increment, eff_conv_rate, var_order_line_id, discounted_supplier_item_price, discounted_var_order_line_price, discounted_taxes, discounted_fees)
VALUES (2, 1, '', 'BSWIFT', 'EPP', 'CreditCard', '123456789', 'CREDIT', 'Credit Card payment in payrollDuduction site :$25.00', null, null, 0, null, null, null, null, null, 1, -2500, 0, 0, '', 0, 0, 0, 1, 0, 0, 0, 0, 0, -2500, 0, 0, -2500, 0, 0, 0, 0, 0, 0, -2500, null, CURRENT_TIMESTAMP(), 3, null, 'PPC', null, null, null, null, null, null, null, null, null, 0, 0, 0, null, null, null, null, null, null, null, null, null, null, null, null, null, null, null, null, null, null, null, null, null, null, null, null, null, null, null);
INSERT INTO order_line (order_id, line_num, supplier_id, var_id, program_id, category, supplier_order_id, item_id, name, image_url, color, weight, size, attr1, attr2, attr3, is_eligible_for_super_saver_shipping, quantity, supplier_item_price, supplier_tax_price, supplier_per_shipment_price, supplier_shipping_unit, supplier_shipping_unit_price, supplier_single_item_shipping_price, supplier_shipping_price, conv_rate, tax_rate, b2s_item_margin, var_item_margin, b2s_shipping_margin, var_shipping_margin, item_points, tax_points, shipping_points, order_line_points, b2s_item_profit_price, b2s_tax_profit_price, b2s_shipping_profit_price, var_item_profit_price, var_tax_profit_price, var_shipping_profit_price, var_order_line_price, comment, create_date, order_status, order_line_type, merchant_id, manufacturer, brand, category_path, sku, shipping_method, seller_id, listing_id, store_id, order_source, b2s_tax_price, b2s_tax_rate, b2s_tax_points, original_partner_order_number, resend_partner_order_number, gateway_order_number, bundle_id, notification_id, policy_id, travel_start_date, order_line_num, order_line_undiscounted_unit_fee, b2s_offline_fee, b2s_online_fee, booking_quantity, travel_end_date, fx_rate, fx_file_id, global_carrier_fee_id, cash_buy_in_points, cash_buy_in_price, global_carrier_tracking_url, order_delay, points_rounding_increment, eff_conv_rate, var_order_line_id, discounted_supplier_item_price, discounted_var_order_line_price, discounted_taxes, discounted_fees)
VALUES (3, 1, '200', 'RBC', 'b2s_qa_only', 'Apple TV', null, '30001MD199C/A', 'Apple TV', 'url', null, null, null, null, null, '', null, 1, 8900, 0, 0, '', 0, 0, 0, 1.538462, 0, 0, 0, 0, 0, 9, 0, 0, 9, 0, 0, 0, 0, 0, 0, null, null, CURRENT_TIMESTAMP(), 0, null, '30001', 'apple', 'Apple®', null, 'MD199C/A', 'STANDARD', null, null, null, 'WEB', 0, 0, 0, null, null, null, null, 26956, null, null, null, null, null, null, null, null, null, null, null, null, null, null, null, null, null, null, null, null, null, null);


INSERT INTO `order_line_attribute` (`order_id`, `line_num`, `name`, `value`)
VALUES (1, 1, 'shippingAvailablity', null);
INSERT INTO `order_line_attribute` (`order_id`, `line_num`, `name`, `value`)
VALUES (1, 1, 'engravingCode', 'ESR060B');
INSERT INTO `order_line_attribute` (`order_id`, `line_num`, `name`, `value`)
VALUES (1, 1, 'engravingLine1', 'engravingLine1');
INSERT INTO `order_line_attribute` (`order_id`, `line_num`, `name`, `value`)
VALUES (1, 1, 'engravingLine2', '');

INSERT INTO `order_line_attribute` (`order_id`, `line_num`, `name`, `value`)
VALUES (2, 1, 'shippingAvailablity', '2 weeks');
INSERT INTO `order_line_attribute` (`order_id`, `line_num`, `name`, `value`)
VALUES (2, 1, 'shipmentQuoteDate', '2020-06-04');
INSERT INTO `order_line_attribute` (`order_id`, `line_num`, `name`, `value`)
VALUES (2, 1, 'varAnalyticCode', 'ELEC');

INSERT INTO `order_line_attribute` (`order_id`, `line_num`, `name`, `value`)
VALUES (3, 1, 'shippingAvailablity', 'value1');
INSERT INTO `order_line_attribute` (`order_id`, `line_num`, `name`, `value`)
VALUES (3, 1, 'shippingAvailablity', 'value2');
INSERT INTO `order_line_attribute` (`order_id`, `line_num`, `name`, `value`)
VALUES (3, 1, 'shippingAvailablity', 'value3');

